key,ja,en
NAME_RIROFFAR,リロフファー,Riroffar
NAME_FRAGLOW,フラグロウ,Fraglow
NAME_SIFAIO,シーファイオ,Sifaio
NAME_DOSLASHID,ドスラシド,Doslashid
NAME_FELFOR,フェルフォー,Felfor
NAME_KIZOGEID,キゾギード,Kizogeid
NAME_ORACT,オーラクト,Oract
NAME_RADEGO,ラーデゴ,Radego
NAME_VAMOD,ヴァモド,Vamod
NAME_GUKELTON,グケルトドン,Gukelton
NAME_,,
NAME_,,
NAME_,,
NAME_,,
NAME_,,
NAME_,,
NAME_,,
NAME_,,
NAME_,,
NAME_,,
NAME_,,
NAME_,,
NAME_,,